Wage Bin ID,Wage Bin,Year,Record Count,Total Population,Total Population MOE Appx,State,State ID,share
1,"< $10K",2014,913396,18869684,99047.69181667948,"United States","01000US",0.13746927588547378
1,"< $10K",2015,917319,18945648,99344.28471402325,"United States","01000US",0.13577506431071076
1,"< $10K",2016,906288,18779566,99097.14242391725,"United States","01000US",0.13246462276977286
1,"< $10K",2017,887479,18334177,98216.96238879346,"United States","01000US",0.12710489187300802
1,"< $10K",2018,861436,17749199,96955.97378159911,"United States","01000US",0.12133997342924331
1,"< $10K",2019,842218,17235672,95825.12439705018,"United States","01000US",0.11614495457281954
1,"< $10K",2020,793203,16516092,94090.43442734538,"United States","01000US",0.11072898560632441
1,"< $10K",2021,761707,15945753,92710.38724424138,"United States","01000US",0.10574322247296193
1,"< $10K",2022,719627,15059885,90437.41750428962,"United States","01000US",0.09899929291220062
1,"< $10K",2023,708567,14583760,89190.60843433617,"United States","01000US",0.09506116280070856
2,"$10-20k",2014,946567,20872558,103286.84344866907,"United States","01000US",0.15206059805440053
2,"$10-20k",2015,949586,21106011,103912.03062176837,"United States","01000US",0.15125742866475558
2,"$10-20k",2016,937538,20981626,103804.17962481765,"United States","01000US",0.14799719935947714
2,"$10-20k",2017,919238,20636260,103243.88185148242,"United States","01000US",0.143064485303228
2,"$10-20k",2018,885585,19831682,101652.43705180778,"United States","01000US",0.13557658387497953
2,"$10-20k",2019,859662,19193171,100362.95984411176,"United States","01000US",0.12933583175076419
2,"$10-20k",2020,800140,18348234,98484.67628743006,"United States","01000US",0.12301223185772228
2,"$10-20k",2021,739876,16882255,95062.19145903268,"United States","01000US",0.1119535744916075
2,"$10-20k",2022,674037,15246005,90932.74087110991,"United States","01000US",0.10022279152436259
2,"$10-20k",2023,645316,14322807,88472.0762929763,"United States","01000US",0.09336019572388246
3,"$20-30k",2014,926864,20178617,101857.65498697881,"United States","01000US",0.14700510445009632
3,"$20-30k",2015,938772,20638689,102957.73257811854,"United States","01000US",0.1479083389633207
3,"$20-30k",2016,949599,21069025,103982.5135197369,"United States","01000US",0.14861368195366784
3,"$20-30k",2017,944996,21154896,104313.67658171566,"United States","01000US",0.1466600201724206
3,"$20-30k",2018,947651,21368534,104874.50805769727,"United States","01000US",0.14608306255295703
3,"$20-30k",2019,918457,20822317,103874.56028547454,"United States","01000US",0.14031405692019713
3,"$20-30k",2020,870946,20537630,103319.30512977143,"United States","01000US",0.1376906193461514
3,"$20-30k",2021,835968,19765189,101745.9777231882,"United States","01000US",0.13107156354718025
3,"$20-30k",2022,772403,18217376,98314.8850940853,"United States","01000US",0.11975571810247514
3,"$20-30k",2023,706505,16404731,93972.73709747681,"United States","01000US",0.10693077809102937
4,"$30-40k",2014,865039,18265335,97697.05623166784,"United States","01000US",0.1330664772264125
4,"$30-40k",2015,869102,18489784,98327.13710575028,"United States","01000US",0.1325080890181825
4,"$30-40k",2016,860163,18408175,98260.3815831878,"United States","01000US",0.1298449579321995
4,"$30-40k",2017,862964,18617675,98861.91839776494,"United States","01000US",0.12907029139087098
4,"$30-40k",2018,851937,18508007,98714.10542530923,"United States","01000US",0.1265274606255893
4,"$30-40k",2019,879732,19271700,100537.50151548315,"United States","01000US",0.1298650102555332
4,"$30-40k",2020,838260,19219120,100458.7451074371,"United States","01000US",0.12885092077751936
4,"$30-40k",2021,806553,18687187,99338.56855683486,"United States","01000US",0.12392286349442651
4,"$30-40k",2022,754494,17620909,96907.10991489798,"United States","01000US",0.11583471795901709
4,"$30-40k",2023,757593,17560656,96816.16730913232,"United States","01000US",0.1144654313361739
5,"$40-50k",2014,689133,14243253,87718.32751780639,"United States","01000US",0.10376483655813219
5,"$40-50k",2015,680742,14156964,87564.75371202904,"United States","01000US",0.1014566879710009
5,"$40-50k",2016,704613,14671784,89041.78424517416,"United States","01000US",0.10348973628674855
5,"$40-50k",2017,710138,14862674,89641.73119299699,"United States","01000US",0.10303808955884781
5,"$40-50k",2018,729171,15317973,90919.08090549585,"United States","01000US",0.10471922912182496
5,"$40-50k",2019,733720,15497426,91464.78933640393,"United States","01000US",0.10443154399582635
5,"$40-50k",2020,696515,15459807,91393.69840338074,"United States","01000US",0.10364732448690364
5,"$40-50k",2021,692657,15586422,91781.87923309933,"United States","01000US",0.10336034234968197
5,"$40-50k",2022,695119,15684163,92082.41274650917,"United States","01000US",0.10310311446068142
5,"$40-50k",2023,737465,16825121,95023.08283110391,"United States","01000US",0.10967100161567526
6,"$50-60k",2014,533898,10812566,77485.92077409594,"United States","01000US",0.07877162216833593
6,"$50-60k",2015,555768,11334598,79228.45969214762,"United States","01000US",0.0812300414525834
6,"$50-60k",2016,557483,11359375,79362.68498660358,"United States","01000US",0.0801251383698318
6,"$50-60k",2017,582640,11911524,81160.14741250928,"United States","01000US",0.08257872551698067
6,"$50-60k",2018,601190,12319442,82464.26860515302,"United States","01000US",0.08422018170752968
6,"$50-60k",2019,617166,12658281,83541.36472206489,"United States","01000US",0.08529957356550906
6,"$50-60k",2020,612324,13159218,85042.10571332583,"United States","01000US",0.08822346475864176
6,"$50-60k",2021,611493,13393203,85766.95477431842,"United States","01000US",0.08881615339548664
6,"$50-60k",2022,631525,13995376,87520.46259463763,"United States","01000US",0.09200152112983484
6,"$50-60k",2023,587929,13111097,85014.92396037251,"United States","01000US",0.08546191972528906
7,"$60-70k",2014,415355,8405476,68965.8736093404,"United States","01000US",0.06123550872355513
7,"$60-70k",2015,420051,8553667,69568.7592880117,"United States","01000US",0.06130034121912349
7,"$60-70k",2016,429170,8718040,70226.77075263964,"United States","01000US",0.061494066470534556
7,"$60-70k",2017,439820,8944414,71113.18111445638,"United States","01000US",0.062008715980947454
7,"$60-70k",2018,459940,9359787,72668.91967376214,"United States","01000US",0.06398690475459637
7,"$60-70k",2019,466240,9465154,73084.79565794294,"United States","01000US",0.06378224657296455
7,"$60-70k",2020,457989,9766312,74171.1817337143,"United States","01000US",0.06547637424609122
7,"$60-70k",2021,485563,10510051,76769.62987146697,"United States","01000US",0.06969671868711223
7,"$60-70k",2022,490328,10645563,77251.1630745861,"United States","01000US",0.06998082718774315
7,"$60-70k",2023,495711,10696406,77446.1817968026,"United States","01000US",0.06972226587303108
8,"$70-80k",2014,283801,5730617,57532.7550182702,"United States","01000US",0.04174864663165457
8,"$70-80k",2015,283744,5759646,57692.48767235167,"United States","01000US",0.04127683075590384
8,"$70-80k",2016,306131,6190297,59735.93984457081,"United States","01000US",0.04366423361103535
8,"$70-80k",2017,323240,6534050,61319.668763285474,"United States","01000US",0.04529844556114126
8,"$70-80k",2018,324621,6579666,61543.57092792526,"United States","01000US",0.04498098745826759
8,"$70-80k",2019,344155,6969137,63273.120914931256,"United States","01000US",0.04696249152784735
8,"$70-80k",2020,337010,7164175,64116.423727331996,"United States","01000US",0.04803084352255904
8,"$70-80k",2021,355486,7684500,66301.75035128048,"United States","01000US",0.050959261258685995
8,"$70-80k",2022,381277,8235939,68524.29834688094,"United States","01000US",0.054140661596553806
8,"$70-80k",2023,420720,9116002,71891.02316541763,"United States","01000US",0.059420735819403554
9,"$80-90k",2014,221541,4467110,51039.18703324813,"United States","01000US",0.0325437552107793
9,"$80-90k",2015,223105,4531495,51407.50901819322,"United States","01000US",0.03247521673835935
9,"$80-90k",2016,231989,4677346,52214.299022827305,"United States","01000US",0.0329923957483206
9,"$80-90k",2017,239313,4814316,52962.785992977675,"United States","01000US",0.03337608852704392
9,"$80-90k",2018,256478,5163031,54792.87448166976,"United States","01000US",0.035296355872417653
9,"$80-90k",2019,283621,5705088,57503.34459432642,"United States","01000US",0.038444522882190954
9,"$80-90k",2020,281779,5926069,58567.23839542772,"United States","01000US",0.0397301982214125
9,"$80-90k",2021,310735,6636040,61838.184886883995,"United States","01000US",0.04400646705486246
9,"$80-90k",2022,326095,6921729,63105.860919922714,"United States","01000US",0.045501428246621636
9,"$80-90k",2023,340000,7334486,64881.636644862614,"United States","01000US",0.04780829962269797
10,"$90-100k",2014,156630,3124334,42899.65487843679,"United States","01000US",0.02276137388439392
10,"$90-100k",2015,156215,3135698,42983.96174367425,"United States","01000US",0.022472158123541995
10,"$90-100k",2016,156637,3112792,42837.96976057074,"United States","01000US",0.021956568008055503
10,"$90-100k",2017,172975,3440166,44990.70898286708,"United States","01000US",0.02384955307539567
10,"$90-100k",2018,184790,3685002,46532.15457687366,"United States","01000US",0.025192012595425205
10,"$90-100k",2019,192775,3834497,47450.879360820065,"United States","01000US",0.02583928725695249
10,"$90-100k",2020,201663,4186964,49526.964299149564,"United States","01000US",0.028070700774141876
10,"$90-100k",2021,197182,4154962,49350.45678343634,"United States","01000US",0.027553359890417396
10,"$90-100k",2022,233678,5000174,53989.563403827735,"United States","01000US",0.03286968595297838
10,"$90-100k",2023,277415,5904636,58499.027996364886,"United States","01000US",0.03848812405545103
11,"$100-110k",2014,152927,3068228,42521.60913291079,"United States","01000US",0.022352630887275876
11,"$100-110k",2015,156633,3161280,43154.89643753222,"United States","01000US",0.02265549298203808
11,"$100-110k",2016,167259,3344063,44363.78235550271,"United States","01000US",0.023587874385028653
11,"$100-110k",2017,178624,3565278,45781.16125875204,"United States","01000US",0.024716913919136614
11,"$100-110k",2018,193438,3854981,47564.88052964303,"United States","01000US",0.02635405080027768
11,"$100-110k",2019,206652,4101980,49032.57233698994,"United States","01000US",0.02764175836942211
11,"$100-110k",2020,208155,4312603,50242.768704269954,"United States","01000US",0.028913023462983342
11,"$100-110k",2021,218840,4659369,52170.25852380588,"United States","01000US",0.03089830205890071
11,"$100-110k",2022,208900,4392947,50709.537253756425,"United States","01000US",0.028877952706861505
11,"$100-110k",2023,233588,4931012,53635.04680548415,"United States","01000US",0.03214176141847147
12,"$110-120k",2014,71245,1403157,28933.217484444198,"United States","01000US",0.010222268520428521
12,"$110-120k",2015,77254,1533674,30237.186074341338,"United States","01000US",0.010991161979873426
12,"$110-120k",2016,82259,1624938,31116.439288317135,"United States","01000US",0.011461755782549458
12,"$110-120k",2017,86397,1701016,31831.199957048524,"United States","01000US",0.01179259122207976
12,"$110-120k",2018,96723,1906459,33677.493060342465,"United States","01000US",0.013033246424469172
12,"$110-120k",2019,103604,2035380,34785.52580644912,"United States","01000US",0.0137156890452792
12,"$110-120k",2020,100399,2059548,34989.80234021527,"United States","01000US",0.013807846362658565
12,"$110-120k",2021,121697,2524846,38683.49021786723,"United States","01000US",0.016743351805836203
12,"$110-120k",2022,201923,4296455,50165.89764105723,"United States","01000US",0.028243642433464063
12,"$110-120k",2023,173220,3727629,46821.97727347968,"United States","01000US",0.02429776321261749
13,"$120-130k",2014,73450,1448708,29394.170629136544,"United States","01000US",0.010554116313208687
13,"$120-130k",2015,80929,1603084,30906.066953934005,"United States","01000US",0.011488592693977607
13,"$120-130k",2016,91189,1795586,32689.632003432853,"United States","01000US",0.012665448293144015
13,"$120-130k",2017,98295,1935423,33925.74367152614,"United States","01000US",0.013417658787931023
13,"$120-130k",2018,103148,2032821,34760.454416261906,"United States","01000US",0.013897102969345706
13,"$120-130k",2019,113413,2227697,36367.91195472249,"United States","01000US",0.015011643692628078
13,"$120-130k",2020,102330,2114430,35446.320000571875,"United States","01000US",0.014175792253735357
13,"$120-130k",2021,112758,2364900,37458.355990393575,"United States","01000US",0.015682680324115624
13,"$120-130k",2022,103064,2128565,35567.907160080256,"United States","01000US",0.013992565674814803
13,"$120-130k",2023,128677,2616975,39376.62119179188,"United States","01000US",0.01705819943007731
14,"$130-140k",2014,53228,1042306,24969.922795405237,"United States","01000US",0.007593399607067327
14,"$130-140k",2015,49952,985429,24285.579151599737,"United States","01000US",0.0070621329947985634
14,"$130-140k",2016,49450,964087,24024.322728183335,"United States","01000US",0.006800339303487738
14,"$130-140k",2017,58865,1150516,26229.024932965833,"United States","01000US",0.007976153594359088
14,"$130-140k",2018,67074,1311502,27990.041050619635,"United States","01000US",0.008965904198403514
14,"$130-140k",2019,68152,1324487,28128.83962565584,"United States","01000US",0.00892523845007552
14,"$130-140k",2020,81885,1666037,31512.145902774766,"United States","01000US",0.011169626991215834
14,"$130-140k",2021,97020,2005063,34532.82570198456,"United States","01000US",0.013296444694791427
14,"$130-140k",2022,113729,2374898,37538.8029765718,"United States","01000US",0.015611886992403954
14,"$130-140k",2023,116256,2411373,37823.93611215309,"United States","01000US",0.015718026169261767
15,"$140-150k",2014,32934,635897,19532.590540820263,"United States","01000US",0.004632631904580125
15,"$140-150k",2015,32859,640140,19598.090765860346,"United States","01000US",0.004587599730970321
15,"$140-150k",2016,39177,759257,21335.513273431592,"United States","01000US",0.005355538679131852
15,"$140-150k",2017,41619,805590,21974.33031481148,"United States","01000US",0.005584893712108078
15,"$140-150k",2018,46319,899956,23219.094973237465,"United States","01000US",0.006152426209627156
15,"$140-150k",2019,48494,938473,23708.71650253262,"United States","01000US",0.006324029834915498
15,"$140-150k",2020,54518,1106018,25724.070498423334,"United States","01000US",0.007415086523030733
15,"$140-150k",2021,61154,1264824,27495.44686767681,"United States","01000US",0.008387597978041025
15,"$140-150k",2022,79108,1645159,31319.69350489551,"United States","01000US",0.01081479557965702
15,"$140-150k",2023,90118,1893778,33577.01642140833,"United States","01000US",0.012344192359610982
16,"$150-160k",2014,40321,794760,21823.873076888005,"United States","01000US",0.005789979403085878
16,"$150-160k",2015,46247,913926,23393.93866828958,"United States","01000US",0.006549702677112477
16,"$150-160k",2016,52982,1041756,24966.417764834376,"United States","01000US",0.007348189812168583
16,"$150-160k",2017,57968,1131225,26009.954006240958,"United States","01000US",0.007842415359524646
16,"$150-160k",2018,55504,1077551,25391.486881718716,"United States","01000US",0.007366530157707656
16,"$150-160k",2019,59690,1151395,26241.91646729164,"United States","01000US",0.007758834118586821
16,"$150-160k",2020,56334,1152867,26259.078012024096,"United States","01000US",0.0077291766992461895
16,"$150-160k",2021,57013,1205528,26848.527738228328,"United States","01000US",0.007994380415988185
16,"$150-160k",2022,74413,1515754,30075.6198072101,"United States","01000US",0.009964124840849697
16,"$150-160k",2023,80044,1632177,31198.648312006164,"United States","01000US",0.01063900143149449
17,"$160-170k",2014,28987,569029,18481.6144906857,"United States","01000US",0.004145485668325726
17,"$160-170k",2015,26208,517998,17637.26306832002,"United States","01000US",0.0037122621386621118
17,"$160-170k",2016,24199,464757,16709.93263496724,"United States","01000US",0.00327823660486144
17,"$160-170k",2017,27193,523192,17726.224896423624,"United States","01000US",0.003627120136825494
17,"$160-170k",2018,34843,674853,20122.188563201675,"United States","01000US",0.004613540311799149
17,"$160-170k",2019,43181,833119,22346.30693642769,"United States","01000US",0.005614087365363697
17,"$160-170k",2020,45608,911439,23367.249667447893,"United States","01000US",0.006110568766027866
17,"$160-170k",2021,57551,1160727,26348.86374996077,"United States","01000US",0.007697285502376318
17,"$160-170k",2022,51801,1045320,25015.090758217106,"United States","01000US",0.006871628891388052
17,"$160-170k",2023,65560,1342006,28316.79632442106,"United States","01000US",0.008747582985836827
18,"$170-180k",2014,17167,331307,14114.494110918475,"United States","01000US",0.0024136351931377687
18,"$170-180k",2015,18416,358502,14681.212743992415,"United States","01000US",0.0025692249800861092
18,"$170-180k",2016,19849,385727,15227.309045064318,"United States","01000US",0.002720786068597974
18,"$170-180k",2017,17620,338883,14275.419905071241,"United States","01000US",0.0023493657267844954
18,"$170-180k",2018,21702,417733,15845.397571067026,"United States","01000US",0.0028557745687857856
18,"$170-180k",2019,26847,514213,17574.887030867354,"United States","01000US",0.0034650952701904083
18,"$170-180k",2020,29445,590807,18833.704708455592,"United States","01000US",0.003960952736223297
18,"$170-180k",2021,30354,619009,19276.582184815095,"United States","01000US",0.0041049178674576045
18,"$170-180k",2022,57426,1194681,26729.365077042192,"United States","01000US",0.0078534845555355
18,"$170-180k",2023,55911,1165955,26409.42977170743,"United States","01000US",0.0076000316840993095
19,"$180-190k",2014,16501,318190,13832.926646771222,"United States","01000US",0.002318075326221621
19,"$180-190k",2015,17810,345479,14412.7643240091,"United States","01000US",0.002475894909638353
19,"$180-190k",2016,18519,355689,14623.9431056147,"United States","01000US",0.00250890831067969
19,"$180-190k",2017,23805,460867,16640.549353126495,"United States","01000US",0.0031950411628969
19,"$180-190k",2018,25194,487740,17117.6320578602,"United States","01000US",0.0033343678574103055
19,"$180-190k",2019,27980,538396,17981.934693551426,"United States","01000US",0.003628055753334581
19,"$180-190k",2020,25920,518463,17647.270313623834,"United States","01000US",0.00347593619994438
19,"$180-190k",2021,30634,632906,19490.862776225556,"United States","01000US",0.004197074917846304
19,"$180-190k",2022,35923,726703,20879.17854509775,"United States","01000US",0.004777133633966988
19,"$180-190k",2023,46172,928691,23588.0416844239,"United States","01000US",0.006053476356066805
20,"$190-200k",2014,10960,212113,11298.546781996414,"United States","01000US",0.0015452839865201505
20,"$190-200k",2015,9817,192733,10770.916555679796,"United States","01000US",0.0013812320101057626
20,"$190-200k",2016,11131,216189,11406.70393407657,"United States","01000US",0.0015249231176042316
20,"$190-200k",2017,13077,251667,12305.767387457063,"United States","01000US",0.0017447255376123135
20,"$190-200k",2018,14991,284991,13093.834585546894,"United States","01000US",0.0019483020257744297
20,"$190-200k",2019,16722,318330,13837.168772976647,"United States","01000US",0.0021451106396759953
20,"$190-200k",2020,19972,396515,15439.262287968988,"United States","01000US",0.002658359115927165
20,"$190-200k",2021,21790,429320,16063.723399136368,"United States","01000US",0.002847007618397953
20,"$190-200k",2022,23957,494253,17232.279867137804,"United States","01000US",0.0032490751104496413
20,"$190-200k",2023,28980,577197,18617.367403984357,"United States","01000US",0.003762336872321032
21,"$200k+",2014,130494,2471492,38248.01810874678,"United States","01000US",0.01800529439691419
21,"$200k+",2015,138448,2632576,39457.473047878695,"United States","01000US",0.018866505685254668
21,"$200k+",2016,151272,2850351,41031.14276772075,"United States","01000US",0.020105399133102695
21,"$200k+",2017,166561,3130655,42966.25921703537,"United States","01000US",0.021703813880857153
21,"$200k+",2018,183548,3445692,45033.59895843708,"United States","01000US",0.023556002483568768
21,"$200k+",2019,202349,3762027,47012.12121541904,"United States","01000US",0.025350938159923245
21,"$200k+",2020,207897,4045453,48706.56891676447,"United States","01000US",0.027121967291539782
21,"$200k+",2021,236043,4684873,52308.28087729147,"United States","01000US",0.031067430173825756
21,"$200k+",2022,287556,5679283,57406.27163005353,"United States","01000US",0.037333950508140104
21,"$200k+",2023,320589,6327997,60472.941975055764,"United States","01000US",0.04124771341680029
1,"< $10K",2014,68355,1489174,27888.69488982158,"Texas","04000US48",0.13351426032866312
1,"< $10K",2015,68586,1496498,27999.515122263438,"Texas","04000US48",0.130888766964943
1,"< $10K",2016,68375,1484529,27951.12435451816,"Texas","04000US48",0.12690729084172128
1,"< $10K",2017,67255,1463037,27825.008998035304,"Texas","04000US48",0.12205805194435729
1,"< $10K",2018,65669,1429565,27590.31073738803,"Texas","04000US48",0.11659519028171282
1,"< $10K",2019,64914,1403953,27410.963024511948,"Texas","04000US48",0.11213588960602883
1,"< $10K",2020,59930,1374867,27181.69956398795,"Texas","04000US48",0.10845552983837142
1,"< $10K",2021,57521,1317689,26696.33468830049,"Texas","04000US48",0.10269344787420373
1,"< $10K",2022,55614,1267613,26272.55269099233,"Texas","04000US48",0.09662443011913283
1,"< $10K",2023,56129,1255683,26188.063882385784,"Texas","04000US48",0.09389766115608976
2,"$10-20k",2014,79761,1854121,30525.71485393584,"Texas","04000US48",0.16623416328437188
2,"$10-20k",2015,79457,1865536,30675.822380575886,"Texas","04000US48",0.16316607624514828
2,"$10-20k",2016,78912,1868671,30764.25520800105,"Texas","04000US48",0.15974627244364384
2,"$10-20k",2017,77536,1839030,30633.8470942627,"Texas","04000US48",0.1534263448342259
2,"$10-20k",2018,75210,1789988,30355.051692749093,"Texas","04000US48",0.1459912571040719
2,"$10-20k",2019,73422,1746235,30095.944688443276,"Texas","04000US48",0.13947448040367716
2,"$10-20k",2020,66977,1691053,29720.99162903799,"Texas","04000US48",0.1333976661740863
2,"$10-20k",2021,61405,1542032,28596.90162529543,"Texas","04000US48",0.12017750987703026
2,"$10-20k",2022,56401,1407323,27518.880912259632,"Texas","04000US48",0.10727389421578067
2,"$10-20k",2023,54775,1333446,26900.047858562884,"Texas","04000US48",0.09971263501850647
3,"$20-30k",2014,74956,1704810,29504.860278227,"Texas","04000US48",0.1528474484183233
3,"$20-30k",2015,76618,1763123,29981.107633251584,"Texas","04000US48",0.1542086895388642
3,"$20-30k",2016,78202,1827860,30489.56238539268,"Texas","04000US48",0.15625748007479048
3,"$20-30k",2017,78578,1854011,30735.654523748442,"Texas","04000US48",0.15467617766564332
3,"$20-30k",2018,79276,1890350,31044.57173668951,"Texas","04000US48",0.1541767726189686
3,"$20-30k",2019,77662,1869062,30958.41323979122,"Texas","04000US48",0.149284862170474
3,"$20-30k",2020,71835,1857119,30909.855754551834,"Texas","04000US48",0.14649767949765796
3,"$20-30k",2021,69817,1800934,30548.03296493645,"Texas","04000US48",0.1403549106457451
3,"$20-30k",2022,66819,1727945,30072.61879381049,"Texas","04000US48",0.13171346531015773
3,"$20-30k",2023,62552,1595407,29102.08534046558,"Texas","04000US48",0.11930159593787101
4,"$30-40k",2014,65064,1443302,27520.87985166884,"Texas","04000US48",0.1294015333069743
4,"$30-40k",2015,65756,1469526,27783.67499076805,"Texas","04000US48",0.12852970479273934
4,"$30-40k",2016,65447,1464791,27791.502282751368,"Texas","04000US48",0.1252199569421249
4,"$30-40k",2017,66497,1498818,28115.286793961277,"Texas","04000US48",0.1250431843481318
4,"$30-40k",2018,66348,1517308,28309.048723858272,"Texas","04000US48",0.12375150131401168
4,"$30-40k",2019,69212,1599441,28998.758513743443,"Texas","04000US48",0.12774981741365726
4,"$30-40k",2020,64144,1609227,29100.78772209836,"Texas","04000US48",0.12694287295804826
4,"$30-40k",2021,61919,1582485,28917.622501880527,"Texas","04000US48",0.12333019465079338
4,"$30-40k",2022,59049,1524708,28499.66687646527,"Texas","04000US48",0.11622162410616077
4,"$30-40k",2023,61110,1546205,28709.601995884812,"Texas","04000US48",0.11562236103208513
5,"$40-50k",2014,53796,1146115,24896.824284210594,"Texas","04000US48",0.10275676077918748
5,"$40-50k",2015,53519,1155249,25019.70965441345,"Texas","04000US48",0.10104197743497383
5,"$40-50k",2016,55357,1190689,25390.039457631094,"Texas","04000US48",0.10178791739672197
5,"$40-50k",2017,55382,1194311,25459.03022498269,"Texas","04000US48",0.09963881574814396
5,"$40-50k",2018,56579,1233853,25862.765289391195,"Texas","04000US48",0.1006329375122238
5,"$40-50k",2019,56564,1243710,25984.566415277364,"Texas","04000US48",0.09933703426105725
5,"$40-50k",2020,51454,1240139,25968.969173935035,"Texas","04000US48",0.09782759519155533
5,"$40-50k",2021,50647,1258255,26154.56833698882,"Texas","04000US48",0.09806148814701815
5,"$40-50k",2022,52093,1286064,26442.46189360279,"Texas","04000US48",0.09803086675249657
5,"$40-50k",2023,56143,1406314,27541.540125451207,"Texas","04000US48",0.10516156979991384
6,"$50-60k",2014,42558,890209,22220.75298814672,"Texas","04000US48",0.07981310187588479
6,"$50-60k",2015,44639,944783,22856.62667608316,"Texas","04000US48",0.0826339105828673
6,"$50-60k",2016,45410,953075,22971.204161462963,"Texas","04000US48",0.08147511178223767
6,"$50-60k",2017,48747,1029103,23812.8578427852,"Texas","04000US48",0.08585586518324138
6,"$50-60k",2018,50796,1076861,24332.839334860102,"Texas","04000US48",0.08782868439137469
6,"$50-60k",2019,52423,1111492,24708.157791767808,"Texas","04000US48",0.08877657885269963
6,"$50-60k",2020,50602,1169572,25296.984031979802,"Texas","04000US48",0.09226096120142803
6,"$50-60k",2021,49518,1189595,25506.288345330482,"Texas","04000US48",0.0927105046212827
6,"$50-60k",2022,49064,1198797,25623.531914584506,"Texas","04000US48",0.09137889636152838
6,"$50-60k",2023,45383,1110630,24776.05071731534,"Texas","04000US48",0.08305086507485406
7,"$60-70k",2014,31026,639886,19067.628969167297,"Texas","04000US48",0.057369995705449414
7,"$60-70k",2015,31598,661785,19385.896086304783,"Texas","04000US48",0.05788195015689618
7,"$60-70k",2016,32972,688156,19758.441534832546,"Texas","04000US48",0.05882809540027547
7,"$60-70k",2017,34394,717970,20170.43355847826,"Texas","04000US48",0.059898703556020935
7,"$60-70k",2018,36550,766065,20806.440812405315,"Texas","04000US48",0.06248019113727626
7,"$60-70k",2019,37767,793060,21160.118261339816,"Texas","04000US48",0.063342924307977
7,"$60-70k",2020,35908,827070,21587.148453229565,"Texas","04000US48",0.0652429035415221
7,"$60-70k",2021,38681,924701,22742.27663987194,"Texas","04000US48",0.07206612026261436
7,"$60-70k",2022,40829,969479,23263.39710342992,"Texas","04000US48",0.07389901798693038
7,"$60-70k",2023,42088,983795,23438.737664956487,"Texas","04000US48",0.07356637746712771
8,"$70-80k",2014,21091,432892,15836.849683417733,"Texas","04000US48",0.03881161985247905
8,"$70-80k",2015,21307,441550,15996.035826107884,"Texas","04000US48",0.038619453586553804
8,"$70-80k",2016,23321,479724,16652.426687147294,"Texas","04000US48",0.041009958843346205
8,"$70-80k",2017,24562,504285,17063.941321469138,"Texas","04000US48",0.04207142042529356
8,"$70-80k",2018,24538,508961,17147.887286028486,"Texas","04000US48",0.041510812478600716
8,"$70-80k",2019,26310,547101,17758.49226233353,"Texas","04000US48",0.04369779995437738
8,"$70-80k",2020,25060,569888,18112.62405475622,"Texas","04000US48",0.04495526111873353
8,"$70-80k",2021,26055,615260,18790.311545349923,"Texas","04000US48",0.047949987242120545
8,"$70-80k",2022,29404,696718,19941.304823627437,"Texas","04000US48",0.053107675373905115
8,"$70-80k",2023,33589,795195,21232.418776705526,"Texas","04000US48",0.059463216960822754
9,"$80-90k",2014,16253,333593,13966.56166878745,"Texas","04000US48",0.02990881028396931
9,"$80-90k",2015,16581,342988,14161.20916665307,"Texas","04000US48",0.029998888340493524
9,"$80-90k",2016,17574,359171,14486.168562971285,"Texas","04000US48",0.0307042964865704
9,"$80-90k",2017,18287,373428,14767.449892346312,"Texas","04000US48",0.031154300418565938
9,"$80-90k",2018,19780,402174,15312.271175756836,"Texas","04000US48",0.03280127455299869
9,"$80-90k",2019,21966,447345,16124.837616794337,"Texas","04000US48",0.03573013451006477
9,"$80-90k",2020,20902,466562,16458.364393654338,"Texas","04000US48",0.03680445374894462
9,"$80-90k",2021,22862,528361,17474.679977317446,"Texas","04000US48",0.04117755617012979
9,"$80-90k",2022,24664,566929,18081.997306705034,"Texas","04000US48",0.0432144444266585
9,"$80-90k",2023,25780,602106,18616.900557236662,"Texas","04000US48",0.04502437730545733
10,"$90-100k",2014,11899,240052,11898.792792032782,"Texas","04000US48",0.021522243351291548
10,"$90-100k",2015,12007,243810,11992.780531281564,"Texas","04000US48",0.021324445654937567
10,"$90-100k",2016,12207,243394,11985.712633205481,"Texas","04000US48",0.020806917983501778
10,"$90-100k",2017,13491,269954,12611.687695507804,"Texas","04000US48",0.02252168561327364
10,"$90-100k",2018,14125,286770,12992.790538656822,"Texas","04000US48",0.023388934897739373
10,"$90-100k",2019,14792,299515,13274.743803130401,"Texas","04000US48",0.023922724603565593
10,"$90-100k",2020,14939,328937,13897.03641276056,"Texas","04000US48",0.025947991055458006
10,"$90-100k",2021,14261,319145,13696.181524283427,"Texas","04000US48",0.024872409515305012
10,"$90-100k",2022,17172,397311,15239.196143276198,"Texas","04000US48",0.03028522818483463
10,"$90-100k",2023,21012,478994,16684.732188014,"Texas","04000US48",0.03581828877813911
11,"$100-110k",2014,12028,238817,11868.816841345835,"Texas","04000US48",0.021411517464655132
11,"$100-110k",2015,12489,249431,12127.191424347835,"Texas","04000US48",0.021816077290335637
11,"$100-110k",2016,13495,266191,12521.97992584362,"Texas","04000US48",0.022755755297773655
11,"$100-110k",2017,14607,288807,13034.143189124366,"Texas","04000US48",0.02409455113431444
11,"$100-110k",2018,15912,315192,13605.26909353029,"Texas","04000US48",0.025707030610901658
11,"$100-110k",2019,16885,335771,14034.38099968945,"Texas","04000US48",0.026818547194176662
11,"$100-110k",2020,16234,349669,14316.257508301062,"Texas","04000US48",0.027583422005949303
11,"$100-110k",2021,16462,378703,14883.969155835666,"Texas","04000US48",0.02951403312185544
11,"$100-110k",2022,15506,347105,14271.922663280802,"Texas","04000US48",0.026458250914515393
11,"$100-110k",2023,17834,395510,15210.180474531935,"Texas","04000US48",0.02957550907661015
12,"$110-120k",2014,5357,106110,7959.342711618034,"Texas","04000US48",0.009513460591894864
12,"$110-120k",2015,5881,119168,8431.006350287107,"Texas","04000US48",0.01042283556789139
12,"$110-120k",2016,6465,130251,8811.175632021153,"Texas","04000US48",0.011134711103269143
12,"$110-120k",2017,6790,135147,8974.612698818562,"Texas","04000US48",0.011275025543526277
12,"$110-120k",2018,7624,150907,9478.51339179743,"Texas","04000US48",0.01230796107895929
12,"$110-120k",2019,8175,159043,9728.725388981551,"Texas","04000US48",0.012703009495767767
12,"$110-120k",2020,7697,163534,9864.141720067597,"Texas","04000US48",0.012900278075325273
12,"$110-120k",2021,9327,202412,10958.222372458347,"Texas","04000US48",0.015774880241933662
12,"$110-120k",2022,15310,350534,14340.319105602306,"Texas","04000US48",0.02671962814153855
12,"$110-120k",2023,12964,302869,13357.57670031331,"Texas","04000US48",0.022647985786766047
13,"$120-130k",2014,5937,118473,8405.539654892127,"Texas","04000US48",0.010621884993907834
13,"$120-130k",2015,6636,133148,8906.322933621395,"Texas","04000US48",0.011645573561640733
13,"$120-130k",2016,7655,150612,9466.524327022333,"Texas","04000US48",0.012875303135373795
13,"$120-130k",2017,8423,166585,9950.700670461787,"Texas","04000US48",0.013897830733707185
13,"$120-130k",2018,8738,174094,10170.944107759278,"Texas","04000US48",0.014199090672270594
13,"$120-130k",2019,9642,190537,10634.92335671201,"Texas","04000US48",0.015218483808121722
13,"$120-130k",2020,8240,175908,10225.46889082727,"Texas","04000US48",0.013876393384093327
13,"$120-130k",2021,8820,194231,10737.962351581193,"Texas","04000US48",0.015137298007386009
13,"$120-130k",2022,8144,173931,10171.033101411022,"Texas","04000US48",0.013257976807630478
13,"$120-130k",2023,10179,213312,11248.39988658915,"Texas","04000US48",0.01595107833468146
14,"$130-140k",2014,4152,81126,6967.381677336767,"Texas","04000US48",0.007273480388069577
14,"$130-140k",2015,3936,78036,6834.945946630926,"Texas","04000US48",0.00682529199429354
14,"$130-140k",2016,3985,79222,6886.872546384824,"Texas","04000US48",0.0067724169720246915
14,"$130-140k",2017,4789,94107,7501.949574482744,"Texas","04000US48",0.007851146002683208
14,"$130-140k",2018,5471,107073,7998.528528525561,"Texas","04000US48",0.008732864059370394
14,"$130-140k",2019,5468,105443,7938.65812793847,"Texas","04000US48",0.008421894897997653
14,"$130-140k",2020,6455,133635,8927.577161509676,"Texas","04000US48",0.010541714020302156
14,"$130-140k",2021,7596,163560,9865.691876735033,"Texas","04000US48",0.012746968620292618
14,"$130-140k",2022,9045,197413,10826.053954793479,"Texas","04000US48",0.015047903913188306
14,"$130-140k",2023,9381,202486,10963.751196014822,"Texas","04000US48",0.01514153000148285
15,"$140-150k",2014,2568,48442,5391.885182099519,"Texas","04000US48",0.004343144453798615
15,"$140-150k",2015,2615,49821,5468.052672123095,"Texas","04000US48",0.004357512845964663
15,"$140-150k",2016,3135,60495,6022.940963263319,"Texas","04000US48",0.005171509993721866
15,"$140-150k",2017,3341,64696,6227.851637433858,"Texas","04000US48",0.0053974490929430624
15,"$140-150k",2018,3728,73110,6618.574465569489,"Texas","04000US48",0.005962844894423146
15,"$140-150k",2019,3927,74877,6698.019685073258,"Texas","04000US48",0.005980541375694643
15,"$140-150k",2020,4233,89285,7310.198822903531,"Texas","04000US48",0.007043191800820729
15,"$140-150k",2021,4676,99751,7723.936225612265,"Texas","04000US48",0.007774045407451755
15,"$140-150k",2022,6089,132942,8906.2352141336,"Texas","04000US48",0.01013356993727404
15,"$140-150k",2023,7242,159483,9746.00717382679,"Texas","04000US48",0.0119258448940988
16,"$150-160k",2014,3330,66560,6315.121316266369,"Texas","04000US48",0.005967542521878449
16,"$150-160k",2015,3857,77728,6821.536710792271,"Texas","04000US48",0.0067983532745457
16,"$150-160k",2016,4466,87945,7253.400022412363,"Texas","04000US48",0.0075181163137097206
16,"$150-160k",2017,4872,94623,7522.325304500933,"Texas","04000US48",0.007894194780535912
16,"$150-160k",2018,4683,90726,7367.630931899517,"Texas","04000US48",0.007399604238701057
16,"$150-160k",2019,5006,96816,7609.614127072162,"Texas","04000US48",0.007732843113763272
16,"$150-160k",2020,4500,95592,7562.090702559841,"Texas","04000US48",0.007540715580714063
16,"$150-160k",2021,4437,98165,7662.763723309532,"Texas","04000US48",0.007650441272994773
16,"$150-160k",2022,6013,124131,8608.955596257165,"Texas","04000US48",0.009461947088833956
16,"$150-160k",2023,6457,136407,9021.250746137286,"Texas","04000US48",0.010200264131407955
17,"$160-170k",2014,2232,43144,5089.713971027866,"Texas","04000US48",0.0038681438486166436
17,"$160-170k",2015,2017,39777,4888.031457474873,"Texas","04000US48",0.0034790306993825173
17,"$160-170k",2016,1877,35620,4626.573726456797,"Texas","04000US48",0.0030450315889969893
17,"$160-170k",2017,2141,41221,4976.064124377532,"Texas","04000US48",0.0034389799842371393
17,"$160-170k",2018,2832,54925,5740.964434377194,"Texas","04000US48",0.004479677962333351
17,"$160-170k",2019,3556,69923,6473.9396950084365,"Texas","04000US48",0.00558485776156492
17,"$160-170k",2020,3699,77628,6819.46238692184,"Texas","04000US48",0.006123636591970785
17,"$160-170k",2021,4703,98526,7676.7318055074475,"Texas","04000US48",0.007678575631468272
17,"$160-170k",2022,4133,87116,7222.3237972853085,"Texas","04000US48",0.0066404603410176255
17,"$160-170k",2023,5372,112052,8183.845340862964,"Texas","04000US48",0.008379042105262371
18,"$170-180k",2014,1405,26831,4016.7073853317,"Texas","04000US48",0.0024055759225438803
18,"$170-180k",2015,1517,29320,4198.548441705965,"Texas","04000US48",0.0025644261785930413
18,"$170-180k",2016,1668,32228,4401.415378824232,"Texas","04000US48",0.0027550611468330987
18,"$170-180k",2017,1449,27582,4072.7465156923336,"Texas","04000US48",0.002301107346382397
18,"$170-180k",2018,1721,32892,4446.687223579923,"Texas","04000US48",0.002682668503178308
18,"$170-180k",2019,2131,40945,4959.79683649814,"Texas","04000US48",0.0032703402463749504
18,"$170-180k",2020,2271,48346,5387.971691594774,"Texas","04000US48",0.003813744198941356
18,"$170-180k",2021,2322,51426,5556.407475328377,"Texas","04000US48",0.004007860163042115
18,"$170-180k",2022,4597,100082,7737.306880151894,"Texas","04000US48",0.007628800126839226
18,"$170-180k",2023,4448,95520,7560.757487447031,"Texas","04000US48",0.007142809605314155
19,"$180-190k",2014,1472,29102,4182.816946154409,"Texas","04000US48",0.002609186034731169
19,"$180-190k",2015,1660,32553,4423.348174779484,"Texas","04000US48",0.0028471952725695523
19,"$180-190k",2016,1659,32063,4390.164847199598,"Texas","04000US48",0.002740955862942461
19,"$180-190k",2017,2077,40291,4919.802120358752,"Texas","04000US48",0.003361392070665403
19,"$180-190k",2018,2140,40495,4932.386339271632,"Texas","04000US48",0.0033027684858386716
19,"$180-190k",2019,2319,42660,5062.255147750148,"Texas","04000US48",0.003407319939195393
19,"$180-190k",2020,2028,41532,4995.20814954699,"Texas","04000US48",0.003276226038771199
19,"$180-190k",2021,2327,52687,5623.840853406741,"Texas","04000US48",0.004106135581421847
19,"$180-190k",2022,2869,61604,6079.349815190161,"Texas","04000US48",0.004695795477846203
19,"$180-190k",2023,3797,79545,6903.76028962225,"Texas","04000US48",0.005948228539098769
20,"$190-200k",2014,1083,21046,3558.356174718379,"Texas","04000US48",0.001886912558825929
20,"$190-200k",2015,908,17915,3283.542551157771,"Texas","04000US48",0.0015669063775407346
20,"$190-200k",2016,1059,20610,3521.525439722184,"Texas","04000US48",0.0017618781877941593
20,"$190-200k",2017,1173,22526,3681.360351605256,"Texas","04000US48",0.0018792960657171296
20,"$190-200k",2018,1318,25149,3889.45955752984,"Texas","04000US48",0.002051150133358606
20,"$190-200k",2019,1414,27009,4030.5105668710476,"Texas","04000US48",0.0021572504509547205
20,"$190-200k",2020,1619,32632,4429.318531933735,"Texas","04000US48",0.002574155063497587
20,"$190-200k",2021,1739,34266,4538.640619963173,"Texas","04000US48",0.002670503954163285
20,"$190-200k",2022,1858,40660,4942.929201438079,"Texas","04000US48",0.0030993286820535453
20,"$190-200k",2023,2349,49106,5430.542212808046,"Texas","04000US48",0.003672056202664959
21,"$200k+",2014,10988,199865,10877.190626364914,"Texas","04000US48",0.017919214034483717
21,"$200k+",2015,12066,221612,11445.140248508604,"Texas","04000US48",0.01938293363882541
21,"$200k+",2016,13343,242447,11962.867328844788,"Texas","04000US48",0.02072596220262642
21,"$200k+",2017,14743,266871,12541.114909196745,"Texas","04000US48",0.022264477508390133
21,"$200k+",2018,16279,294468,13161.79089494505,"Texas","04000US48",0.024016783071686428
21,"$200k+",2019,17702,316166,13629.451203814955,"Texas","04000US48",0.02525266563280944
21,"$200k+",2020,17231,334586,14012.652405933253,"Texas","04000US48",0.02639360891380864
21,"$200k+",2021,18978,379102,14891.569357324459,"Texas","04000US48",0.029545128991747202
21,"$200k+",2022,23160,460565,16366.651996220973,"Texas","04000US48",0.035106795731677104
21,"$200k+",2023,25917,518824,17337.737106441706,"Texas","04000US48",0.0387967027917453